name,address,mode,lat,lon,price,rent,area,rooms,capacity,minutes,repair,year,risk,resale,notes
（架空）中央エリア戸建てA,千葉市中央区・架空所在地A,購入,35.6120,140.1020,1280,,92,4,4,12,180,1998,medium,high,架空の募集情報・価格・設備・評価です。実在物件ではありません。
（架空）蘇我エリア戸建てB,千葉市中央区・架空所在地B,購入,35.5790,140.1300,980,,105,5,5,22,300,1985,low,medium,架空の募集情報・価格・設備・評価です。実在物件ではありません。
（架空）稲毛エリア戸建てC,千葉市稲毛区・架空所在地C,購入,35.6380,140.1080,1680,,118,5,5,28,120,2005,low,high,架空の募集情報・価格・設備・評価です。実在物件ではありません。
（架空）湾岸エリア戸建てD,千葉市美浜区・架空所在地D,購入,35.6260,140.0730,1480,,100,4,4,24,260,1992,high,medium,架空の募集情報・価格・設備・評価です。実在物件ではありません。
（架空）東千葉シェア住宅E,千葉市中央区・架空所在地E,購入,35.6190,140.1210,1880,,132,6,6,18,220,2001,medium,high,架空の募集情報・価格・設備・評価です。実在物件ではありません。
（架空）若葉エリア戸建てF,千葉市若葉区・架空所在地F,購入,35.6350,140.1510,780,,88,4,4,31,480,1978,medium,low,架空の募集情報・価格・設備・評価です。実在物件ではありません。
（架空）中央エリア賃貸住宅G,千葉市中央区・架空所在地G,賃借,35.6040,140.1150,,138000,96,4,4,10,0,2008,low,unknown,架空の募集情報・賃料・設備・評価です。実在物件ではありません。
（架空）稲毛エリア賃貸住宅H,千葉市稲毛区・架空所在地H,賃借,35.6460,140.0950,,118000,82,3,3,29,0,2012,low,unknown,架空の募集情報・賃料・設備・評価です。実在物件ではありません。
（架空）蘇我エリア賃貸住宅I,千葉市中央区・架空所在地I,賃借,35.5750,140.1370,,158000,112,5,5,26,0,2003,medium,unknown,架空の募集情報・賃料・設備・評価です。実在物件ではありません。
（架空）都賀エリア賃貸住宅J,千葉市若葉区・架空所在地J,賃借,35.6370,140.1720,,98000,76,3,3,36,0,1995,medium,unknown,架空の募集情報・賃料・設備・評価です。実在物件ではありません。
（架空）中央エリア大型住宅K,千葉市中央区・架空所在地K,購入,35.5980,140.0950,2380,,154,7,7,16,380,1990,high,medium,架空の募集情報・価格・設備・評価です。実在物件ではありません。
（架空）花見川エリア戸建てL,千葉市花見川区・架空所在地L,購入,35.6590,140.1150,1180,,101,4,4,38,240,1989,low,medium,架空の募集情報・価格・設備・評価です。実在物件ではありません。
